{
    "Nr": [
        [
            0.0,
            0.0,
            0.0,
            0.0,
            1.0,
            0.0
        ],
        [
            0.0,
            0.0,
            1.0,
            0.0,
            0.0,
            0.0
        ],
        [
            0.0,
            0.0,
            0.0,
            0.0,
            -1.0,
            1.0
        ],
        [
            0.0,
            1.0,
            0.0,
            0.0,
            0.0,
            -1.0
        ],
        [
            0.0,
            0.0,
            0.0,
            1.0,
            0.0,
            0.0
        ]
    ],
    "Nx": [
        [
            -1.0,
            0.0,
            0.0,
            0.0,
            1.0,
            0.0
        ],
        [
            0.0,
            0.0,
            0.0,
            0.0,
            1.0,
            -1.0
        ],
        [
            0.0,
            0.0,
            0.0,
            -1.0,
            0.0,
            1.0
        ]
    ],
    "Nv": [],
    "No": [
        [
            0.0,
            0.0,
            0.0,
            1.0,
            0.0,
            0.0
        ]
    ],
    "Nn": [
        [
            0.0,
            0.0,
            0.0,
            0.0,
            -1.0,
            1.0
        ],
        [
            0.0,
            0.0,
            -1.0,
            0.0,
            0.0,
            1.0
        ]
    ],
    "Nu": [
        [
            1.0,
            0.0,
            0.0,
            0.0,
            0.0,
            0.0
        ],
        [
            0.0,
            1.0,
            0.0,
            0.0,
            0.0,
            0.0
        ]
    ],
    "Gr": [
        [
            1e-05,
            0.0,
            0.0,
            0.0,
            0.0
        ],
        [
            0.0,
            0.045454545454545456,
            0.0,
            0.0,
            0.0
        ],
        [
            0.0,
            0.0,
            2.1276595744680853e-06,
            0.0,
            0.0
        ],
        [
            0.0,
            0.0,
            0.0,
            0.0001,
            0.0
        ],
        [
            0.0,
            0.0,
            0.0,
            0.0,
            0.0014285714285714286
        ]
    ],
    "Xlc": [
        [
            4.7e-08,
            0.0,
            0.0
        ],
        [
            0.0,
            2.5e-10,
            0.0
        ],
        [
            0.0,
            0.0,
            4.6999999999999995e-07
        ]
    ],
    "Rv0": [],
    "Z": [
        [
            1.0,
            0.0,
            0.0
        ],
        [
            0.0,
            1.0,
            0.0
        ],
        [
            0.0,
            0.0,
            1.0
        ]
    ],
    "Nopao": [],
    "Nopai": [],
    "numNodes": 6,
    "numResistors": 5,
    "numReactives": 3,
    "numInputs": 1,
    "numSources": 2,
    "numPotentiometers": 0,
    "numOutputs": 1,
    "numNonlinears": 2,
    "sourceVoltages": [
        [
            0.0
        ],
        [
            9.0
        ]
    ],
    "numOpamps": 0,
    "nodeNames": [
        "N004",
        "N001",
        "N005",
        "VOUT0",
        "N002",
        "N003"
    ],
    "potentiometerNames": [],
    "nonlinearModels": [
        "2N2222"
    ],
    "opampModels": []
}