{
    "Nr": [
        [
            0.0,
            1.0,
            0.0,
            0.0,
            0.0
        ],
        [
            0.0,
            0.0,
            0.0,
            -1.0,
            1.0
        ],
        [
            1.0,
            0.0,
            0.0,
            0.0,
            0.0
        ],
        [
            0.0,
            0.0,
            1.0,
            0.0,
            0.0
        ]
    ],
    "Nx": [
        [
            1.0,
            0.0,
            0.0,
            0.0,
            0.0
        ],
        [
            0.0,
            0.0,
            -1.0,
            1.0,
            0.0
        ]
    ],
    "Nv": [],
    "No": [
        [
            0.0,
            0.0,
            1.0,
            0.0,
            0.0
        ]
    ],
    "Nn": [
        [
            0.0,
            -1.0,
            0.0,
            1.0,
            0.0
        ],
        [
            -1.0,
            0.0,
            0.0,
            1.0,
            0.0
        ]
    ],
    "Nu": [
        [
            0.0,
            1.0,
            0.0,
            0.0,
            0.0
        ],
        [
            0.0,
            0.0,
            0.0,
            0.0,
            1.0
        ]
    ],
    "Gr": [
        [
            1e-06,
            0.0,
            0.0,
            0.0
        ],
        [
            0.0,
            1e-05,
            0.0,
            0.0
        ],
        [
            0.0,
            0.0,
            0.0005555555555555556,
            0.0
        ],
        [
            0.0,
            0.0,
            0.0,
            0.0008333333333333334
        ]
    ],
    "Xlc": [
        [
            4.6999999999999995e-07,
            0.0
        ],
        [
            0.0,
            2e-07
        ]
    ],
    "Rv0": [],
    "Z": [
        [
            1.0,
            0.0
        ],
        [
            0.0,
            1.0
        ]
    ],
    "Nopao": [],
    "Nopai": [],
    "numNodes": 5,
    "numResistors": 4,
    "numReactives": 2,
    "numInputs": 1,
    "numSources": 2,
    "numPotentiometers": 0,
    "numOutputs": 1,
    "numNonlinears": 2,
    "sourceVoltages": [
        [
            0.0
        ],
        [
            50.0
        ]
    ],
    "numOpamps": 0,
    "nodeNames": [
        "N004",
        "N003",
        "VOUT0",
        "N002",
        "N001"
    ],
    "potentiometerNames": [],
    "nonlinearModels": [
        "12AX7"
    ],
    "opampModels": []
}